pk,source_hash
1,-1361447163658550079
2,-5664590189151205022
3,1951712220222566436
4,-8314858882099154653
5,-6809751943371760664
6,-8944459512028288018
7,1975784618042412127
8,-91275317127545658
9,1569731360294727336
10,925836214072996934
11,7055248345395475025
12,1250885829220970431
13,-4558440683118136432
14,-715204053976012162
15,7846987516895335580
16,2104989282236249195
17,449076306129660930
18,6370402036394882576
19,-8629204447499367204
20,6402927007031210297
21,8295917344348334030
22,271629079471184641
23,4191863409484857112
24,-6117627492737158118
25,3627417695111965652
