pk,source_hash,target_hash
1,-1361447163658550079,14525862213172519373
2,-5664590189151205022,13808128040209042548
3,1951712220222566436,12997621526531867064
4,-8314858882099154653,12517255926329881516
5,-6809751943371760664,2558505478278155530
6,-8944459512028288018,2540241164261447313
7,1975784618042412127,855382226888370130
8,-91275317127545658,17869907435081270164
9,1569731360294727336,18435954379585902426
10,925836214072996934,10911543883979829555
11,7055248345395475025,6503149589404466209
12,1250885829220970431,14729107426119091920
13,-4558440683118136432,10737717413849388219
14,-715204053976012162,14439654008681680046
15,7846987516895335580,7930013236358486675
16,2104989282236249195,10264290034573991494
17,449076306129660930,84133141867535118
18,6370402036394882576,7116234904627283317
19,-8629204447499367204,15938936085457388929
20,6402927007031210297,10750758142674176254
21,8295917344348334030,6153106991868667053
22,271629079471184641,5935482528101663690
23,4191863409484857112,11079948429939024606
24,-6117627492737158118,7652237426806764089
25,3627417695111965652,5503049319380937786
